{
  "widgets": [
    {
      "type": "DateTime",
      "config": false,
      "height": 4
    },
    {
      "type": "Notes",
      "config": true,
      "height": 4,
      "content": ""
    },
    {
      "type": "PublicTransport",
      "config": true,
      "height": 2,
      "originEva": "8000858",
      "destinationEva": "8000170",
      "origin": "Ulm Hbf",
      "destination": "Beimerstetten"
    },
    {
      "type": "Sleep",
      "config": true,
      "height": 2,
      "sleepingPeople": [
        "Mirko",
        "Anya"
      ]
    }
  ]
}